term,relative_search_volume
banks near me,0.06627046324957571
food banks near me,0.009855766580271047
food banks open,0.0026813685053687177
food bank,0.11988324295362442
food banks today,0.001645626739905869
food open near me,0.21346927826533035
open food banks near me,0.0014923013283029936
food banks open today,0.0013302169979231403
food bank near me,0.015953869208334536
food pantry,0.07268218096326225
local food banks,0.0008690141746436997
food banks near me today,0.000927751092527732
food banks open today near me,0.0007709568444820837
food pantry near me,0.012456753868096103
free food banks near me,0.0005923309364844336
free food near me,0.017871365206769848
outer banks,0.2379249077316223
are food banks open,0.0004216949125957925
church food banks near me,0.0004035232923099483
local food banks near me,0.000364798486682827
local food near me,0.00419149678443298
salvation army,0.2051541355013947
feeding america,0.008606505263478439
feeding america food banks,0.0002876842457221882
food pantries near me,0.0038927668668579034
