term,relative_search_volume
free therapy,0.014206766957960316
online free therapy,0.0037698265170166274
online physical therapy,0.002522394279997837
physical therapy,0.36172041198617394
online therapist,0.007155978164614891
therapist,0.3663005137152857
occupational therapy online,0.0016214113158355707
occupational therapy,0.0716763479733254
speech therapy,0.04815808824767446
best online therapy,0.0012215564549506155
speech therapy online,0.0013367031781561566
therapy near me,0.07123584419575413
online counseling,0.01750060664541995
online therapy insurance,0.0006768905988887937
talkspace,0.008052306865854472
physical therapy assistant,0.009376616696910499
online couples therapy,0.0004845072708017562
online therapy reviews,0.0003979484133665253
betterhelp,0.009635392954944508
online physical therapy degree,0.0005123076045214886
online group therapy,0.00044158088530388826
online therapy services,0.00056590512220519
online physical therapy programs,0.000516270039226611
online occupational therapy programs,0.0005936174804929126
online therapy app,0.00032020643531786706
