,Related Query,Relative Search Volume
0,covid in babies,0.0007904579216917523
1,covid 19 babies,0.0006642721872024949
2,covid symptoms babies,0.00042657099784304363
3,covid 19 in babies,0.000282645516845683
4,babies and covid,0.00026569499332210184
5,babies with covid,0.0002247313231633049
6,can babies get covid,0.00011633993850037161
7,texas babies covid,7.837117011679242e-05
8,covid rash in babies,6.584418775865002e-05
9,do babies get covid,6.503189752391643e-05
